id;title;priority;potential_value;stage_id;pipeline_id;person_id;organization_id;app_account_id;owner_id;deal_source_id
100;amet justo morbi ut odio;1;74.07;15;2;198;1040;1;11;1
101;id luctus nec molestie sed justo;2;11.25;11;1;126;1009;1;11;2
102;in lacus curabitur;3;78.98;15;2;179;1016;1;10;2
103;fermentum justo nec condimentum neque sapien;4;11.89;19;2;151;1014;1;11;2
104;suspendisse potenti nullam porttitor lacus at;5;87.98;13;1;141;1016;1;14;3
105;sollicitudin ut suscipit a;6;40.44;19;2;127;1007;1;13;3
106;fusce congue diam id ornare;7;75.46;12;1;158;1001;1;11;4
107;mi integer ac neque duis bibendum;8;79.14;15;2;190;1009;1;14;4
108;habitasse platea;9;42.23;13;1;181;1028;1;10;5
109;nec euismod scelerisque quam;10;62.39;12;1;115;1012;1;12;6
110;hac habitasse platea dictumst aliquam augue;11;29.83;16;2;194;1027;1;12;6
111;maecenas rhoncus aliquam lacus;12;95.44;11;1;182;1045;1;10;6
112;eget congue eget;13;57.69;14;1;122;1002;1;14;7
113;quisque porta volutpat erat;14;74.85;16;2;183;1032;1;11;7
114;aliquam quis turpis eget;15;39.98;11;1;157;1030;1;12;7
115;integer aliquet massa id;16;47.33;19;2;109;1036;1;13;7
116;ut dolor;17;63.93;10;1;190;1006;1;13;null
117;tristique est et;18;35.89;13;1;192;1037;1;13;null
118;ipsum ac tellus semper interdum mauris;19;15.57;19;2;126;1011;1;10;null
119;nunc nisl;20;69.28;17;2;160;1030;1;12;null
120;in hac;21;25.57;13;1;122;1005;1;13;null
121;nisi vulputate nonummy;22;98.83;13;1;199;1017;1;14;null
122;lorem quisque ut erat curabitur gravida;23;94.96;15;2;179;1025;1;12;null
123;sapien placerat;24;86.58;18;2;127;1006;1;14;null
124;eleifend donec ut dolor;25;50.73;19;2;141;1004;1;14;null
125;parturient montes;26;50.73;18;2;197;1034;1;14;null
126;blandit nam nulla;27;77.64;19;2;168;1034;1;11;null
127;vestibulum velit id pretium iaculis;28;13.51;15;2;144;1033;1;10;null
128;nibh fusce lacus purus aliquet at;29;50.73;11;1;189;1042;1;11;null
129;vestibulum rutrum rutrum neque aenean auctor;30;43.35;18;2;141;1048;1;12;null
130;nulla nunc purus phasellus in felis;31;59.3;17;2;111;1009;1;13;null
131;sapien quis libero nullam sit;32;53.26;13;1;170;1044;1;12;null
132;donec ut;33;65.35;11;1;111;1007;1;12;null
133;in libero ut massa volutpat;34;42.24;12;1;110;1046;1;10;null
134;ipsum primis in faucibus;35;15.82;11;1;150;1047;1;11;null
135;molestie sed justo pellentesque viverra;36;33.44;11;1;168;1008;1;14;null
136;eget nunc donec quis orci;37;86.54;18;2;116;1018;1;10;null
137;integer aliquet massa id lobortis convallis;38;15.82;13;1;149;1032;1;11;null
138;massa volutpat convallis morbi odio odio;39;12.82;10;1;171;1010;1;12;null
139;ligula in lacus curabitur at ipsum;40;50.73;14;1;118;1014;1;14;null
140;nunc purus phasellus in felis;41;94.35;18;2;151;1011;1;11;null
141;enim sit amet nunc viverra dapibus;42;38.93;11;1;160;1001;1;13;null
142;sit amet diam in;43;39.24;15;2;183;1028;1;14;null
143;dictumst morbi;44;65.6;12;1;199;1040;1;14;null
144;sed nisl nunc rhoncus;45;50.73;12;1;174;1001;1;14;null
145;faucibus orci luctus et;46;96.73;12;1;162;1007;1;14;null
146;ipsum aliquam non mauris morbi;47;80.34;19;2;198;1002;1;14;null
147;lorem integer tincidunt;48;52.1;17;2;199;1032;1;14;null
148;dis parturient montes nascetur ridiculus mus;49;68.72;15;2;103;1043;1;12;null
149;vulputate luctus cum sociis natoque penatibus;50;26.51;17;2;123;1034;1;12;null
150;libero ut massa;51;54.13;19;2;164;1015;1;12;null
151;metus arcu adipiscing;52;81.52;11;1;147;1003;1;14;null
152;dictumst maecenas ut massa quis augue;53;67.91;17;2;175;1022;1;10;null
153;curae mauris viverra diam;54;69.75;17;2;146;1006;1;11;null
154;mauris vulputate;55;88.95;10;1;138;1019;1;10;null
155;pede libero quis;56;37.19;16;2;176;1048;1;13;null
156;justo sit amet sapien dignissim;57;84.74;17;2;166;1027;1;13;null
157;fusce posuere felis sed lacus;58;59.89;17;2;153;1015;1;11;null
158;eros elementum;59;71.0;13;1;102;1025;1;12;null
159;curae donec pharetra magna vestibulum aliquet;60;63.48;19;2;169;1002;1;12;null
160;sed vestibulum sit amet cursus id;61;73.1;15;2;113;1027;1;14;null
161;magna vestibulum;62;70.68;12;1;196;1032;1;11;null
162;diam nam tristique tortor eu pede;63;34.37;19;2;167;1050;1;12;null
163;ligula vehicula consequat morbi a ipsum;64;63.15;16;2;137;1029;1;12;null
164;at dolor quis odio consequat varius;65;94.25;14;1;180;1008;1;12;null
165;mi nulla;66;52.93;12;1;105;1006;1;13;null
166;erat vestibulum sed magna at;67;50.73;13;1;105;1008;1;13;null
167;eu orci mauris lacinia sapien;68;66.14;18;2;126;1028;1;13;null
168;volutpat in congue etiam justo etiam;69;83.35;16;2;138;1020;1;12;null
169;luctus et;70;65.46;13;1;136;1035;1;14;null
170;volutpat convallis morbi;71;93.22;13;1;113;1040;1;13;null
171;in hac habitasse platea dictumst;72;83.28;11;1;173;1024;1;12;null
172;varius nulla facilisi cras;73;83.12;14;1;151;1031;1;12;null
173;neque vestibulum eget vulputate ut ultrices;74;34.75;19;2;187;1038;1;10;null
174;leo odio porttitor id consequat in;75;81.62;18;2;195;1032;1;11;null
175;vitae nisi nam ultrices;76;79.83;19;2;136;1008;1;12;null
176;in faucibus orci;77;92.23;13;1;106;1045;1;12;null
177;amet justo morbi ut;78;50.73;12;1;191;1003;1;11;null
178;neque libero convallis eget;79;27.48;17;2;119;1039;1;13;null
179;ligula sit amet eleifend;80;31.59;11;1;176;1021;1;12;null
180;et commodo vulputate justo in;81;22.27;10;1;194;1019;1;10;null
181;cras in purus;82;34.35;12;1;108;1001;1;13;null
182;vel accumsan tellus nisi eu;83;17.68;14;1;182;1012;1;13;null
183;ac neque duis bibendum morbi;84;87.89;16;2;177;1011;1;12;null
184;natoque penatibus et magnis dis;85;84.44;12;1;168;1004;1;10;null
185;ultrices enim lorem ipsum;86;57.97;13;1;167;1004;1;12;null
186;lacus morbi sem mauris laoreet ut;87;21.99;13;1;192;1043;1;13;null
187;accumsan odio;88;88.22;11;1;108;1039;1;11;null
188;cras in;89;95.37;11;1;116;1013;1;14;null
189;integer pede;90;87.82;14;1;149;1007;1;11;null
190;proin eu;91;33.02;16;2;156;1015;1;11;null
191;est lacinia;92;61.06;17;2;188;1046;1;11;null
192;in quam;93;18.29;17;2;125;1035;1;11;null
193;pede justo lacinia eget;94;26.55;19;2;187;1038;1;14;null
194;donec odio justo sollicitudin ut;95;50.73;18;2;108;1040;1;14;null
195;ullamcorper purus sit amet nulla quisque;96;78.08;14;1;195;1013;1;10;null
196;dapibus dolor vel est;97;84.31;19;2;122;1010;1;11;null
197;arcu adipiscing molestie hendrerit at vulputate;98;59.88;14;1;135;1032;1;14;null
198;vel lectus in quam fringilla rhoncus;99;94.44;15;2;154;1008;1;12;null
199;id turpis integer aliquet massa;100;97.93;15;2;123;1022;1;13;null
200;tincidunt eget tempus;101;24.27;23;3;228;2008;2;20;null
201;sit amet consectetuer;102;47.52;25;4;246;2046;2;21;null
202;lobortis sapien;103;97.6;21;3;293;2048;2;20;null
203;curabitur in libero ut massa volutpat;104;22.71;29;4;298;2011;2;21;null
204;pretium iaculis justo in;105;60.73;29;4;259;2005;2;24;null
205;ut ultrices vel augue vestibulum;106;23.78;27;4;232;2005;2;24;null
206;non mattis pulvinar nulla pede;107;88.11;21;3;238;2036;2;22;null
207;nibh fusce lacus purus aliquet at;108;73.04;20;3;294;2003;2;21;null
208;interdum in;109;47.33;23;3;246;2030;2;21;null
209;eu interdum eu tincidunt;110;63.13;25;4;224;2026;2;20;null
210;metus aenean;111;23.0;26;4;263;2003;2;21;null
211;lacinia eget tincidunt eget;112;72.81;24;3;206;2048;2;20;null
212;viverra pede ac;113;90.04;23;3;278;2042;2;21;null
213;lacinia eget tincidunt eget tempus vel;114;25.95;27;4;236;2044;2;22;null
214;cubilia curae;115;45.72;21;3;240;2038;2;24;null
215;non lectus aliquam sit;116;20.64;26;4;278;2013;2;24;null
216;tellus in sagittis;117;88.03;25;4;273;2034;2;22;null
217;nisi at nibh in hac;118;37.76;29;4;209;2008;2;22;null
218;ut rhoncus aliquet;119;50.58;22;3;243;2002;2;21;null
219;libero convallis eget eleifend;120;45.54;20;3;299;2030;2;24;null
220;nullam varius nulla facilisi cras;121;58.96;26;4;244;2013;2;22;null
221;curabitur convallis duis consequat dui nec;122;61.34;25;4;295;2043;2;21;null
222;nullam molestie nibh in;123;53.68;25;4;229;2048;2;23;null
223;etiam pretium iaculis justo;124;87.45;26;4;203;2041;2;23;null
224;faucibus orci;125;83.29;24;3;207;2013;2;22;null
225;cubilia curae donec pharetra magna;126;25.87;26;4;286;2033;2;20;null
226;vitae mattis nibh ligula;127;76.07;29;4;236;2025;2;23;null
227;justo nec condimentum;128;10.92;29;4;241;2044;2;24;null
228;commodo vulputate;129;95.09;26;4;252;2019;2;21;null
229;ac nibh;130;46.75;24;3;223;2032;2;24;null
230;blandit mi;131;93.73;20;3;242;2031;2;24;null
231;massa id;132;70.68;23;3;206;2011;2;22;null
232;vitae nisi nam ultrices libero;133;65.93;23;3;268;2039;2;21;null
233;cubilia curae donec pharetra;134;98.95;20;3;230;2039;2;22;null
234;elit ac nulla;135;34.65;24;3;284;2028;2;23;null
235;libero non;136;94.36;29;4;244;2027;2;23;null
236;neque duis bibendum morbi;137;88.97;28;4;202;2023;2;20;null
237;eget massa tempor convallis nulla;138;38.93;22;3;244;2014;2;24;null
238;congue etiam justo etiam pretium;139;50.73;23;3;234;2003;2;23;null
239;in faucibus orci luctus et;140;13.66;23;3;268;2024;2;23;null
240;est phasellus sit amet erat;141;45.69;28;4;288;2036;2;21;null
241;sollicitudin ut;142;61.8;22;3;266;2011;2;23;null
242;maecenas pulvinar lobortis;143;47.96;26;4;270;2016;2;23;null
243;lorem ipsum dolor sit;144;69.75;23;3;255;2037;2;23;null
244;vestibulum ac est lacinia nisi venenatis;145;25.0;24;3;273;2022;2;21;null
245;quis justo maecenas rhoncus;146;61.69;26;4;225;2015;2;22;null
246;nulla integer pede justo lacinia;147;64.94;26;4;299;2042;2;22;null
247;interdum in ante;148;34.3;26;4;212;2038;2;20;null
248;et eros vestibulum;149;94.17;20;3;235;2029;2;23;null
249;gravida nisi;150;51.28;29;4;241;2030;2;24;null
250;sit amet cursus id turpis integer;151;53.08;22;3;213;2025;2;23;null
251;eget eros;152;32.95;22;3;217;2048;2;20;null
252;arcu sed augue;153;32.74;27;4;257;2009;2;24;null
253;volutpat dui maecenas tristique est;154;98.92;23;3;244;2003;2;21;null
254;condimentum neque sapien placerat;155;21.37;26;4;297;2024;2;22;null
255;purus aliquet;156;50.73;25;4;293;2011;2;22;null
256;id turpis integer aliquet massa;157;99.57;20;3;218;2049;2;24;null
257;cubilia curae donec;158;50.73;25;4;253;2032;2;20;null
258;enim lorem ipsum dolor sit amet;159;31.45;25;4;204;2043;2;20;null
259;nulla facilisi;160;96.95;20;3;256;2045;2;22;null
260;amet eros;161;94.86;22;3;297;2003;2;21;null
261;ipsum aliquam non mauris morbi;162;60.17;20;3;250;2033;2;22;null
262;nibh in hac;163;42.51;29;4;268;2007;2;24;null
263;aliquet pulvinar sed nisl nunc rhoncus;164;51.81;24;3;244;2031;2;22;null
264;curae duis faucibus;165;16.38;20;3;218;2020;2;23;null
265;nisl ut volutpat sapien;166;88.93;25;4;292;2026;2;24;null
266;justo pellentesque viverra pede ac diam;167;65.9;22;3;238;2038;2;22;null
267;scelerisque quam turpis;168;74.61;25;4;239;2048;2;23;null
268;nulla nisl nunc nisl duis;169;63.14;23;3;275;2015;2;23;null
269;suscipit a feugiat et;170;26.43;22;3;248;2005;2;20;null
270;morbi porttitor;171;25.39;25;4;240;2036;2;22;null
271;in lacus curabitur;172;75.45;24;3;211;2014;2;20;null
272;tempor convallis nulla neque libero convallis;173;87.31;28;4;206;2041;2;22;null
273;luctus et;174;79.53;26;4;248;2019;2;23;null
274;quam pharetra magna ac consequat;175;35.32;24;3;287;2025;2;23;null
275;eget eros elementum pellentesque quisque porta;176;41.96;24;3;259;2034;2;21;null
276;mi nulla ac enim;177;57.55;23;3;218;2040;2;20;null
277;ac neque duis bibendum morbi;178;82.72;24;3;285;2049;2;24;null
278;est risus auctor sed tristique;179;78.19;23;3;226;2003;2;23;null
279;est donec odio;180;61.56;29;4;242;2032;2;24;null
280;nec molestie sed justo pellentesque;181;99.06;20;3;282;2011;2;23;null
281;vel augue vestibulum ante;182;13.93;26;4;221;2044;2;20;null
282;volutpat in congue etiam justo;183;47.12;24;3;265;2039;2;22;null
283;vel enim sit amet nunc;184;99.4;28;4;291;2041;2;20;null
284;pretium quis;185;57.0;22;3;240;2035;2;23;null
285;in porttitor;186;26.23;21;3;259;2018;2;23;null
286;dui nec;187;39.61;27;4;226;2015;2;22;null
287;tincidunt eget tempus vel;188;28.45;26;4;277;2017;2;21;null
288;nibh ligula nec sem;189;57.86;27;4;201;2043;2;23;null
289;ac consequat metus sapien ut;190;62.46;23;3;203;2002;2;20;null
290;auctor sed tristique in tempus;191;38.84;22;3;233;2046;2;23;null
291;vehicula condimentum curabitur in libero;192;72.24;29;4;270;2009;2;22;null
292;mauris lacinia sapien quis;193;78.93;21;3;210;2011;2;20;null
293;mi sit amet lobortis sapien sapien;194;14.58;26;4;220;2017;2;21;null
294;porttitor lacus at turpis donec posuere;195;43.61;27;4;200;2030;2;22;null
295;curabitur convallis duis consequat dui nec;196;10.39;25;4;286;2036;2;22;null
296;leo rhoncus sed;197;83.89;28;4;228;2019;2;22;null
297;pede morbi porttitor lorem id;198;25.29;27;4;261;2004;2;21;null
298;varius integer;199;38.99;21;3;206;2016;2;23;null
299;vel dapibus at diam nam;200;53.98;21;3;252;2018;2;22;null
300;non quam;201;39.36;36;6;355;3023;3;31;null
301;dictumst maecenas ut;202;38.48;33;5;311;3036;3;33;null
302;metus sapien;203;65.59;32;5;358;3045;3;32;null
303;lacus purus;204;62.53;33;5;300;3003;3;33;null
304;diam in magna bibendum imperdiet;205;50.73;34;5;370;3044;3;34;null
305;tristique fusce congue;206;58.4;39;6;387;3030;3;30;null
306;nullam varius nulla facilisi cras non;207;14.67;33;5;388;3028;3;34;null
307;eget elit sodales scelerisque;208;75.59;39;6;386;3004;3;33;null
308;sollicitudin mi sit amet lobortis;209;72.73;32;5;386;3021;3;34;null
309;mauris eget massa tempor;210;95.41;34;5;387;3013;3;32;null
310;aliquam lacus morbi quis tortor;211;86.66;35;6;319;3049;3;32;null
311;donec odio justo sollicitudin ut;212;91.43;31;5;396;3003;3;33;null
312;ligula suspendisse ornare consequat lectus in;213;71.36;36;6;341;3027;3;31;null
313;blandit nam nulla integer pede;214;20.88;33;5;362;3029;3;30;null
314;vivamus vel nulla eget eros elementum;215;42.65;37;6;315;3034;3;32;null
315;maecenas tristique est et;216;64.78;38;6;371;3023;3;30;null
316;lorem ipsum dolor;217;97.28;35;6;366;3047;3;34;null
317;erat nulla;218;55.76;30;5;378;3012;3;30;null
318;orci vehicula;219;95.47;39;6;387;3038;3;33;null
319;morbi non quam;220;29.32;35;6;383;3004;3;31;null
320;felis sed interdum venenatis;221;85.61;35;6;306;3022;3;31;null
321;massa quis augue luctus tincidunt nulla;222;63.16;33;5;373;3048;3;33;null
322;morbi non lectus aliquam sit amet;223;17.69;35;6;328;3018;3;31;null
323;vestibulum velit;224;51.2;31;5;329;3046;3;31;null
324;ipsum primis in;225;21.76;35;6;389;3047;3;30;null
325;orci eget orci;226;31.68;32;5;334;3024;3;31;null
326;pede justo lacinia eget tincidunt eget;227;20.56;36;6;394;3033;3;30;null
327;luctus rutrum nulla tellus in;228;16.56;34;5;331;3035;3;31;null
328;blandit mi;229;75.01;32;5;357;3043;3;34;null
329;ut massa quis augue luctus tincidunt;230;79.92;38;6;349;3048;3;34;null
330;placerat praesent blandit nam nulla integer;231;54.33;32;5;348;3049;3;33;null
331;mattis egestas;232;83.83;32;5;357;3046;3;32;null
332;dui nec nisi volutpat eleifend donec;233;40.89;34;5;314;3022;3;30;null
333;vulputate ut ultrices;234;37.63;35;6;308;3032;3;32;null
334;justo sit amet sapien;235;10.51;31;5;358;3019;3;33;null
335;convallis nulla;236;96.47;34;5;303;3002;3;30;null
336;luctus nec molestie sed justo;237;63.36;32;5;362;3035;3;32;null
337;morbi ut;238;91.82;38;6;355;3038;3;32;null
338;ligula in;239;77.48;37;6;385;3038;3;31;null
339;congue vivamus metus arcu;240;24.35;35;6;300;3025;3;32;null
340;pellentesque ultrices;241;15.24;32;5;303;3049;3;34;null
341;a ipsum integer a;242;17.62;39;6;323;3004;3;30;null
342;lobortis ligula sit amet eleifend pede;243;47.21;30;5;318;3033;3;34;null
343;ut erat curabitur;244;25.72;31;5;334;3014;3;30;null
344;justo etiam pretium iaculis justo;245;96.47;34;5;356;3023;3;31;null
345;in faucibus orci luctus;246;25.46;38;6;395;3017;3;32;null
346;tellus nisi eu orci mauris lacinia;247;39.09;36;6;348;3040;3;32;null
347;ipsum aliquam non mauris morbi non;248;80.23;30;5;398;3023;3;33;null
348;tortor risus dapibus augue vel accumsan;249;61.62;37;6;312;3042;3;34;null
349;felis donec;250;90.78;36;6;379;3047;3;33;null
350;nibh in hac habitasse;251;73.83;33;5;374;3022;3;30;null
351;consequat lectus in est;252;19.57;39;6;309;3001;3;34;null
352;rutrum ac lobortis;253;67.03;30;5;302;3019;3;34;null
353;at nulla suspendisse potenti;254;65.25;34;5;385;3017;3;30;null
354;in magna bibendum imperdiet nullam;255;59.0;35;6;390;3047;3;32;null
355;lectus pellentesque;256;63.21;32;5;359;3027;3;32;null
356;eros viverra eget;257;33.92;33;5;391;3033;3;30;null
357;ut erat id mauris;258;53.93;39;6;346;3041;3;34;null
358;vivamus vel nulla eget;259;94.18;36;6;302;3003;3;33;null
359;bibendum imperdiet nullam orci pede venenatis;260;55.99;32;5;390;3046;3;31;null
360;eget eleifend;261;93.74;37;6;386;3004;3;32;null
361;amet nulla quisque arcu libero;262;27.62;38;6;325;3006;3;34;null
362;tristique est et tempus;263;55.23;39;6;353;3049;3;33;null
363;suspendisse ornare consequat;264;76.94;38;6;303;3003;3;34;null
364;in felis donec semper sapien;265;52.73;34;5;339;3038;3;32;null
365;luctus et ultrices posuere cubilia curae;266;18.59;32;5;387;3028;3;30;null
366;eget vulputate ut ultrices vel augue;267;97.54;39;6;387;3046;3;32;null
367;pellentesque viverra pede ac diam cras;268;46.57;37;6;344;3003;3;31;null
368;aenean fermentum donec ut;269;22.73;35;6;391;3014;3;34;null
369;ante ipsum primis;270;16.54;34;5;341;3001;3;33;null
370;porttitor lorem id;271;32.67;34;5;349;3012;3;31;null
371;erat eros viverra eget congue eget;272;94.59;38;6;331;3033;3;31;null
372;habitasse platea dictumst morbi vestibulum;273;12.35;36;6;360;3041;3;31;null
373;amet lobortis sapien;274;50.73;32;5;376;3038;3;34;null
374;hendrerit at vulputate vitae;275;74.09;32;5;320;3045;3;32;null
375;dui proin;276;19.41;35;6;314;3030;3;31;null
376;eget elit;277;21.56;31;5;302;3007;3;34;null
377;dapibus nulla suscipit ligula in;278;97.32;30;5;340;3036;3;33;null
378;lacinia nisi venenatis tristique fusce congue;279;41.63;34;5;335;3040;3;33;null
379;lectus in est risus;280;23.49;35;6;370;3025;3;32;null
380;convallis morbi odio;281;13.57;39;6;376;3031;3;34;null
381;potenti cras in;282;67.58;35;6;348;3019;3;33;null
382;congue diam id ornare imperdiet sapien;283;93.87;31;5;316;3029;3;30;null
383;montes nascetur ridiculus mus;284;27.74;37;6;395;3009;3;34;null
384;sapien ut;285;10.26;31;5;393;3034;3;34;null
385;felis eu sapien;286;65.98;39;6;314;3036;3;32;null
386;in hac habitasse platea dictumst etiam;287;27.17;34;5;337;3048;3;32;null
387;varius integer ac leo;288;77.32;39;6;335;3027;3;31;null
388;fusce consequat nulla nisl nunc;289;85.8;34;5;347;3038;3;31;null
389;nam ultrices libero non mattis pulvinar;290;45.75;36;6;334;3002;3;31;null
390;platea dictumst maecenas ut massa quis;291;17.18;30;5;395;3005;3;34;null
391;erat tortor sollicitudin mi;292;26.53;36;6;358;3031;3;31;null
392;blandit lacinia erat vestibulum sed;293;74.3;36;6;338;3040;3;30;null
393;sit amet nunc;294;23.89;36;6;373;3047;3;34;null
394;at lorem integer;295;75.48;38;6;355;3015;3;34;null
395;scelerisque mauris sit;296;56.48;39;6;377;3012;3;34;null
396;sapien arcu sed augue;297;25.21;30;5;345;3020;3;32;null
397;sit amet consectetuer adipiscing elit;298;42.78;31;5;336;3017;3;30;null
398;duis consequat dui nec nisi volutpat;299;17.38;38;6;386;3032;3;31;null
399;dui nec nisi;300;91.25;39;6;367;3019;3;31;null
400;duis ac nibh fusce lacus;301;86.82;44;7;409;4015;4;42;null
401;ultrices posuere cubilia curae;302;37.9;41;7;423;4031;4;41;null
402;mattis odio donec vitae;303;22.31;42;7;422;4013;4;42;null
403;varius nulla;304;13.19;49;8;439;4019;4;40;null
404;in est risus;305;14.79;42;7;432;4020;4;41;null
405;interdum mauris non ligula;306;47.63;43;7;486;4001;4;43;null
406;erat eros viverra eget;307;56.97;47;8;497;4041;4;42;null
407;nunc proin at turpis;308;42.04;44;7;454;4015;4;44;null
408;accumsan odio;309;13.47;47;8;400;4027;4;43;null
409;risus semper porta volutpat;310;55.45;45;8;464;4008;4;42;null
410;morbi ut odio cras mi;311;88.17;43;7;450;4045;4;41;null
411;libero nam dui;312;24.75;47;8;403;4018;4;41;null
412;sed accumsan felis;313;64.8;42;7;493;4007;4;40;null
413;maecenas pulvinar lobortis;314;92.72;49;8;441;4004;4;44;null
414;vel augue vestibulum ante ipsum primis;315;95.18;49;8;497;4030;4;44;null
415;arcu sed augue aliquam erat;316;19.57;41;7;483;4004;4;43;null
416;nunc purus phasellus;317;68.71;48;8;432;4011;4;43;null
417;eget rutrum;318;79.33;43;7;453;4013;4;43;null
418;sit amet consectetuer adipiscing elit proin;319;29.71;46;8;414;4025;4;42;null
419;nec sem duis aliquam convallis;320;49.47;48;8;443;4026;4;43;null
420;erat nulla tempus vivamus;321;30.47;49;8;477;4039;4;43;null
421;rhoncus mauris enim leo;322;19.23;47;8;465;4031;4;44;null
422;cursus urna ut tellus;323;68.61;40;7;475;4050;4;43;null
423;adipiscing elit proin;324;50.73;41;7;472;4002;4;43;null
424;vestibulum ac est;325;91.68;40;7;487;4036;4;44;null
425;nulla integer pede justo;326;91.21;41;7;463;4006;4;41;null
426;felis donec semper sapien a libero;327;32.92;45;8;443;4012;4;41;null
427;sed interdum venenatis turpis enim blandit;328;36.31;47;8;468;4049;4;44;null
428;quam a;329;86.95;47;8;489;4010;4;44;null
429;vestibulum rutrum rutrum neque;330;62.88;46;8;449;4044;4;43;null
430;mi pede malesuada in imperdiet et;331;76.74;40;7;411;4025;4;44;null
431;aenean sit amet justo;332;97.18;42;7;405;4034;4;41;null
432;posuere metus vitae ipsum;333;34.63;44;7;427;4020;4;41;null
433;porttitor pede justo;334;75.72;47;8;424;4040;4;42;null
434;non mauris morbi non lectus;335;56.74;42;7;435;4033;4;44;null
435;ante ipsum primis in faucibus orci;336;33.64;47;8;479;4023;4;42;null
436;nisi venenatis tristique fusce;337;50.36;48;8;490;4028;4;40;null
437;parturient montes;338;36.05;40;7;414;4042;4;40;null
438;aenean sit;339;51.97;40;7;411;4007;4;40;null
439;ut odio cras mi pede malesuada;340;28.89;47;8;404;4024;4;43;null
440;varius integer ac leo;341;37.44;45;8;434;4035;4;40;null
441;turpis integer aliquet massa id;342;94.3;47;8;456;4039;4;42;null
442;ante ipsum primis;343;94.5;46;8;479;4015;4;44;null
443;sed nisl nunc rhoncus dui;344;70.88;44;7;401;4037;4;42;null
444;rhoncus sed;345;29.54;42;7;450;4017;4;42;null
445;hac habitasse;346;42.98;45;8;453;4050;4;43;null
446;justo pellentesque viverra pede ac;347;41.39;48;8;470;4016;4;41;null
447;non lectus aliquam sit;348;86.39;41;7;486;4025;4;42;null
448;nisi nam ultrices;349;14.75;46;8;440;4005;4;42;null
449;proin interdum mauris non;350;45.42;49;8;477;4028;4;41;null
450;cursus urna ut tellus nulla;351;36.88;42;7;415;4003;4;42;null
451;cubilia curae nulla dapibus dolor;352;69.4;40;7;446;4049;4;43;null
452;ac lobortis vel dapibus at;353;65.12;42;7;409;4050;4;44;null
453;convallis nulla neque libero;354;50.73;41;7;459;4037;4;44;null
454;vestibulum rutrum rutrum neque aenean auctor;355;71.09;48;8;493;4017;4;40;null
455;adipiscing molestie;356;86.64;41;7;481;4007;4;40;null
456;vel enim sit;357;43.38;45;8;481;4044;4;44;null
457;sapien placerat ante nulla justo;358;80.94;43;7;416;4025;4;44;null
458;quisque arcu libero rutrum ac lobortis;359;94.83;45;8;483;4037;4;40;null
459;maecenas leo odio condimentum;360;77.45;47;8;436;4034;4;40;null
460;sapien dignissim vestibulum;361;59.69;47;8;491;4015;4;44;null
461;semper interdum mauris ullamcorper purus sit;362;54.6;44;7;487;4050;4;41;null
462;fermentum donec ut mauris eget massa;363;50.73;45;8;439;4031;4;44;null
463;nulla pede ullamcorper augue a;364;80.37;49;8;442;4043;4;40;null
464;donec pharetra magna vestibulum aliquet;365;31.56;40;7;430;4038;4;44;null
465;pellentesque at nulla suspendisse;366;63.54;41;7;488;4039;4;41;null
466;risus auctor sed tristique;367;38.49;41;7;420;4017;4;44;null
467;sem mauris laoreet;368;41.54;45;8;464;4030;4;41;null
468;posuere cubilia;369;96.33;46;8;421;4002;4;43;null
469;donec semper sapien a libero nam;370;63.91;43;7;405;4018;4;41;null
470;morbi a ipsum integer a nibh;371;35.53;48;8;428;4031;4;43;null
471;sociis natoque penatibus et magnis dis;372;48.25;45;8;406;4050;4;44;null
472;nulla eget eros;373;63.14;40;7;467;4013;4;41;null
473;donec pharetra magna vestibulum;374;57.65;43;7;482;4021;4;43;null
474;sociis natoque;375;20.18;41;7;445;4026;4;42;null
475;vehicula condimentum curabitur;376;57.67;47;8;422;4012;4;41;null
476;at turpis a pede posuere;377;59.84;46;8;401;4029;4;44;null
477;morbi porttitor;378;96.38;48;8;481;4027;4;44;null
478;risus auctor sed tristique in tempus;379;90.93;47;8;470;4025;4;40;null
479;elementum pellentesque quisque porta volutpat erat;380;47.65;42;7;452;4024;4;43;null
480;integer a nibh in;381;24.88;42;7;422;4003;4;43;null
481;amet eros;382;35.38;46;8;410;4032;4;40;null
482;rhoncus aliquet pulvinar sed nisl;383;50.73;42;7;492;4037;4;41;null
483;justo in blandit;384;25.22;46;8;453;4014;4;43;null
484;tincidunt in leo maecenas pulvinar;385;20.98;48;8;492;4037;4;44;null
485;nisl aenean lectus;386;81.69;41;7;456;4011;4;40;null
486;vitae ipsum;387;19.54;45;8;461;4022;4;41;null
487;adipiscing lorem vitae;388;63.87;40;7;414;4032;4;41;null
488;pretium quis lectus suspendisse potenti;389;44.56;47;8;450;4003;4;42;null
489;velit donec diam;390;70.82;41;7;464;4005;4;40;null
490;posuere cubilia curae nulla dapibus dolor;391;29.49;49;8;430;4037;4;42;null
491;etiam faucibus cursus;392;85.78;43;7;475;4031;4;40;null
492;id ornare;393;29.48;48;8;445;4023;4;42;null
493;amet diam in magna bibendum;394;37.65;41;7;449;4018;4;44;null
494;at velit vivamus vel nulla;395;45.95;46;8;493;4036;4;43;null
495;est quam pharetra;396;50.73;40;7;481;4003;4;43;null
496;mauris non;397;61.81;44;7;492;4016;4;41;null
497;cubilia curae;398;70.11;41;7;437;4029;4;43;null
498;id consequat in consequat;399;12.0;41;7;429;4027;4;42;null
499;sit amet turpis elementum;400;58.09;45;8;437;4016;4;43;null
500;augue vestibulum rutrum;401;71.66;55;10;540;5044;5;52;null
501;cras pellentesque volutpat;402;39.14;55;10;560;5040;5;54;null
502;vel est;403;45.5;53;9;536;5025;5;54;null
503;mauris vulputate;404;36.84;56;10;561;5020;5;53;null
504;urna pretium nisl ut;405;39.66;54;9;553;5038;5;50;null
505;congue etiam;406;16.58;55;10;561;5024;5;51;null
506;est risus auctor;407;86.55;53;9;515;5040;5;51;null
507;pulvinar lobortis est phasellus sit amet;408;56.74;51;9;539;5012;5;53;null
508;mattis egestas metus aenean fermentum donec;409;27.44;53;9;584;5009;5;52;null
509;nec euismod scelerisque quam turpis adipiscing;410;67.99;58;10;593;5020;5;53;null
510;nunc proin;411;65.5;58;10;533;5010;5;54;null
511;viverra pede;412;97.77;55;10;530;5010;5;54;null
512;et tempus semper est;413;19.49;50;9;575;5046;5;52;null
513;pede malesuada in;414;16.48;53;9;593;5039;5;50;null
514;amet eleifend pede;415;43.74;58;10;576;5040;5;52;null
515;habitasse platea dictumst etiam;416;14.21;57;10;580;5027;5;52;null
516;tortor duis;417;65.38;58;10;512;5041;5;53;null
517;in felis eu sapien;418;59.83;54;9;581;5022;5;51;null
518;ut volutpat sapien arcu sed augue;419;76.35;58;10;570;5040;5;52;null
519;ut mauris eget;420;50.73;59;10;537;5044;5;52;null
520;pede libero quis orci nullam;421;72.33;59;10;530;5010;5;50;null
521;quis turpis eget elit sodales scelerisque;422;67.72;52;9;523;5046;5;52;null
522;dolor vel;423;74.78;59;10;546;5034;5;50;null
523;nulla facilisi cras non velit nec;424;95.02;57;10;581;5036;5;52;null
524;in tempus sit amet;425;41.99;59;10;535;5027;5;53;null
525;risus semper;426;76.59;50;9;537;5020;5;52;null
526;duis at;427;92.21;52;9;552;5029;5;50;null
527;nec dui;428;87.51;55;10;508;5025;5;50;null
528;quam pharetra magna ac;429;71.88;54;9;594;5015;5;53;null
529;placerat ante nulla justo aliquam;430;78.73;59;10;544;5049;5;50;null
530;mattis nibh ligula;431;50.73;53;9;550;5018;5;51;null
531;donec vitae nisi nam ultrices libero;432;68.37;53;9;532;5039;5;50;null
532;luctus et ultrices posuere cubilia curae;433;51.24;51;9;506;5037;5;51;null
533;eleifend donec ut dolor;434;90.03;51;9;595;5018;5;52;null
534;quis orci;435;72.52;55;10;559;5044;5;54;null
535;in faucibus orci luctus et ultrices;436;90.41;56;10;597;5038;5;50;null
536;blandit ultrices;437;68.98;59;10;560;5007;5;50;null
537;nibh in;438;39.6;53;9;522;5039;5;54;null
538;ac leo pellentesque ultrices mattis;439;53.79;54;9;523;5031;5;51;null
539;odio justo sollicitudin ut suscipit;440;53.98;59;10;510;5040;5;51;null
540;ipsum primis in faucibus orci luctus;441;66.25;54;9;535;5033;5;50;null
541;a ipsum integer;442;34.14;51;9;588;5024;5;53;null
542;ligula sit amet eleifend;443;21.31;58;10;511;5011;5;51;null
543;mauris viverra;444;68.02;55;10;535;5045;5;54;null
544;consequat ut nulla sed accumsan;445;51.55;59;10;516;5046;5;52;null
545;dui proin leo;446;89.87;56;10;543;5024;5;52;null
546;cubilia curae;447;37.59;59;10;588;5001;5;54;null
547;at feugiat non;448;45.6;52;9;519;5026;5;50;null
548;ligula sit;449;21.96;59;10;506;5046;5;52;null
549;proin at;450;92.7;50;9;511;5006;5;50;null
550;neque duis bibendum morbi non;451;11.78;59;10;506;5022;5;51;null
551;dui vel sem sed sagittis nam;452;47.64;59;10;528;5035;5;53;null
552;orci mauris;453;83.09;57;10;569;5041;5;53;null
553;justo sollicitudin ut;454;38.82;50;9;557;5045;5;54;null
554;ultrices posuere;455;88.14;53;9;512;5044;5;50;null
555;augue vestibulum;456;18.41;51;9;515;5032;5;53;null
556;vestibulum sagittis sapien cum sociis;457;23.35;55;10;552;5045;5;52;null
557;lorem vitae mattis;458;89.22;55;10;518;5010;5;50;null
558;mattis nibh ligula;459;50.73;52;9;568;5017;5;51;null
559;vitae mattis nibh ligula;460;33.84;56;10;560;5018;5;52;null
560;primis in faucibus orci luctus et;461;14.47;52;9;537;5031;5;52;null
561;magna ac consequat metus sapien ut;462;83.58;50;9;591;5020;5;53;null
562;nulla integer pede;463;50.73;58;10;518;5004;5;51;null
563;vestibulum ac est;464;98.45;54;9;541;5042;5;54;null
564;sit amet nulla quisque arcu;465;33.81;51;9;541;5021;5;54;null
565;vulputate nonummy maecenas tincidunt lacus;466;71.6;52;9;513;5006;5;53;null
566;in eleifend;467;64.76;53;9;573;5005;5;54;null
567;eget tincidunt eget tempus;468;42.75;58;10;532;5033;5;54;null
568;cras pellentesque volutpat dui maecenas;469;38.66;55;10;575;5003;5;54;null
569;in faucibus orci luctus;470;67.79;51;9;577;5029;5;53;null
570;donec quis orci eget;471;37.75;50;9;579;5048;5;52;null
571;cubilia curae duis faucibus accumsan odio;472;57.31;55;10;541;5026;5;50;null
572;hac habitasse platea dictumst etiam;473;78.9;59;10;504;5013;5;50;null
573;natoque penatibus et magnis dis parturient;474;56.62;55;10;569;5039;5;52;null
574;sed nisl nunc rhoncus dui;475;47.88;57;10;586;5022;5;50;null
575;ipsum integer a;476;42.65;52;9;515;5037;5;53;null
576;vel enim;477;11.64;52;9;586;5009;5;53;null
577;duis bibendum felis sed interdum venenatis;478;22.83;57;10;527;5015;5;52;null
578;nec sem duis aliquam;479;85.99;57;10;559;5002;5;53;null
579;semper porta volutpat;480;96.81;58;10;504;5028;5;54;null
580;libero nam;481;29.63;56;10;581;5050;5;54;null
581;dictumst maecenas ut;482;93.89;51;9;537;5021;5;54;null
582;fusce lacus purus aliquet;483;99.97;58;10;564;5021;5;53;null
583;convallis nulla neque;484;74.13;51;9;539;5018;5;50;null
584;nisi at nibh in hac;485;36.9;50;9;553;5017;5;53;null
585;orci luctus et;486;97.8;52;9;538;5038;5;54;null
586;eu interdum eu;487;92.41;53;9;548;5044;5;52;null
587;volutpat sapien arcu sed augue;488;31.28;56;10;571;5025;5;53;null
588;hac habitasse platea dictumst;489;14.85;57;10;512;5038;5;50;null
589;fusce posuere felis sed;490;27.68;53;9;592;5023;5;51;null
590;aenean fermentum;491;84.86;51;9;582;5049;5;50;null
591;dui maecenas tristique est;492;32.96;53;9;587;5040;5;50;null
592;sed magna at nunc commodo;493;92.88;56;10;559;5010;5;54;null
593;lorem vitae mattis nibh ligula nec;494;50.73;55;10;542;5042;5;50;null
594;integer tincidunt ante vel;495;41.89;50;9;538;5031;5;50;null
595;et ultrices posuere cubilia curae;496;33.52;53;9;577;5040;5;53;null
596;odio consequat varius integer ac;497;14.64;52;9;541;5010;5;53;null
597;aliquam lacus morbi;498;35.75;59;10;563;5048;5;52;null
598;pellentesque quisque porta volutpat erat;499;76.43;56;10;523;5011;5;50;null
599;quisque arcu libero rutrum ac;500;18.45;59;10;541;5003;5;52;null
600;eleifend pede libero quis;501;42.74;61;11;632;6018;6;60;null
601;lorem ipsum dolor;502;58.24;60;11;678;6019;6;62;null
602;nibh quisque id justo sit;503;88.59;65;12;689;6041;6;60;null
603;lectus in est risus auctor sed;504;86.14;64;11;654;6029;6;61;null
604;fusce posuere felis;505;58.93;69;12;673;6016;6;60;null
605;in hac habitasse;506;68.84;60;11;602;6017;6;61;null
606;volutpat dui;507;68.05;66;12;687;6014;6;60;null
607;nulla ac;508;70.77;69;12;617;6038;6;60;null
608;lobortis vel;509;39.03;66;12;673;6005;6;61;null
609;quam pede lobortis ligula;510;32.73;61;11;620;6044;6;63;null
610;dignissim vestibulum vestibulum;511;53.73;61;11;643;6046;6;64;null
611;lectus vestibulum quam sapien;512;41.11;66;12;671;6024;6;64;null
612;quam pharetra magna ac;513;57.64;61;11;628;6037;6;63;null
613;aenean lectus pellentesque eget;514;93.42;61;11;636;6036;6;64;null
614;pharetra magna;515;17.46;63;11;667;6006;6;64;null
615;eu magna vulputate luctus cum sociis;516;33.25;64;11;658;6024;6;63;null
616;vulputate vitae nisl aenean;517;24.84;69;12;613;6032;6;63;null
617;in faucibus orci luctus et;518;45.45;60;11;619;6002;6;63;null
618;tellus in sagittis dui vel;519;58.22;62;11;625;6047;6;62;null
619;orci luctus et ultrices;520;57.69;66;12;640;6046;6;63;null
620;magna ac consequat metus sapien ut;521;22.17;65;12;664;6034;6;64;null
621;proin interdum;522;87.83;61;11;660;6014;6;64;null
622;nec dui luctus rutrum nulla;523;50.04;63;11;641;6036;6;60;null
623;dis parturient montes nascetur ridiculus;524;94.55;63;11;622;6037;6;63;null
624;placerat ante nulla justo aliquam;525;99.16;65;12;650;6025;6;62;null
625;justo morbi ut odio cras;526;30.57;65;12;603;6037;6;64;null
626;diam neque vestibulum eget vulputate ut;527;96.75;62;11;692;6047;6;64;null
627;erat quisque erat eros;528;60.43;60;11;645;6022;6;60;null
628;nec nisi vulputate nonummy maecenas;529;13.43;62;11;696;6011;6;63;null
629;sapien quis libero;530;54.1;65;12;611;6023;6;62;null
630;non velit donec diam;531;84.27;64;11;636;6016;6;64;null
631;viverra diam vitae;532;50.01;62;11;620;6009;6;64;null
632;justo lacinia eget tincidunt eget;533;10.59;68;12;615;6025;6;63;null
633;eu felis fusce;534;46.95;69;12;693;6045;6;64;null
634;diam in;535;75.41;66;12;669;6028;6;60;null
635;suspendisse accumsan;536;34.44;61;11;651;6025;6;61;null
636;semper sapien a libero nam;537;13.81;63;11;667;6034;6;61;null
637;maecenas leo odio condimentum;538;74.59;69;12;684;6007;6;61;null
638;consequat morbi a;539;10.87;69;12;606;6005;6;61;null
639;congue etiam justo etiam pretium iaculis;540;56.47;63;11;649;6038;6;61;null
640;tellus in;541;31.16;69;12;623;6037;6;62;null
641;turpis donec posuere;542;42.96;66;12;677;6036;6;64;null
642;nisl aenean lectus pellentesque;543;91.04;68;12;632;6018;6;60;null
643;est lacinia nisi venenatis tristique;544;52.59;61;11;632;6023;6;64;null
644;congue eget semper rutrum nulla;545;42.81;66;12;638;6047;6;63;null
645;nonummy maecenas;546;44.24;65;12;628;6025;6;60;null
646;ipsum praesent blandit lacinia erat;547;17.26;69;12;676;6035;6;64;null
647;sapien varius ut;548;16.85;61;11;681;6047;6;64;null
648;mauris lacinia sapien quis libero;549;95.06;64;11;644;6015;6;62;null
649;lacus at velit vivamus vel;550;62.26;65;12;696;6043;6;64;null
650;lacinia eget;551;38.71;63;11;683;6020;6;63;null
651;volutpat eleifend donec ut dolor;552;90.42;69;12;675;6042;6;62;null
652;gravida sem praesent id massa;553;62.95;66;12;615;6043;6;64;null
653;aliquam augue quam;554;37.64;67;12;683;6009;6;64;null
654;bibendum felis sed;555;47.18;62;11;610;6020;6;62;null
655;cursus id turpis integer aliquet massa;556;38.44;60;11;643;6041;6;63;null
656;eget nunc;557;68.47;65;12;668;6040;6;61;null
657;sodales scelerisque;558;15.21;63;11;691;6045;6;62;null
658;morbi ut odio;559;39.48;68;12;662;6022;6;61;null
659;habitasse platea dictumst morbi vestibulum;560;53.97;60;11;602;6042;6;62;null
660;mauris laoreet ut rhoncus aliquet pulvinar;561;56.62;65;12;699;6050;6;64;null
661;orci luctus et ultrices;562;98.72;60;11;603;6041;6;60;null
662;morbi sem mauris laoreet;563;55.02;65;12;638;6002;6;60;null
663;molestie sed;564;45.95;61;11;654;6025;6;61;null
664;proin leo odio;565;20.78;63;11;685;6042;6;63;null
665;ut massa quis augue;566;19.65;69;12;663;6046;6;64;null
666;donec dapibus duis;567;89.76;69;12;662;6016;6;61;null
667;rhoncus sed vestibulum sit amet;568;35.63;68;12;680;6007;6;60;null
668;pharetra magna vestibulum;569;21.66;69;12;675;6004;6;62;null
669;tincidunt eget tempus vel pede;570;87.14;60;11;612;6047;6;64;null
670;tellus in sagittis dui vel;571;66.21;64;11;611;6030;6;60;null
671;donec semper sapien a libero;572;72.91;67;12;651;6011;6;60;null
672;dapibus dolor;573;89.07;67;12;660;6013;6;63;null
673;vel nulla eget eros elementum;574;57.47;68;12;693;6008;6;62;null
674;ipsum ac tellus;575;18.39;68;12;676;6013;6;63;null
675;et tempus semper est quam;576;56.03;64;11;635;6048;6;63;null
676;rhoncus aliquam;577;28.39;62;11;615;6042;6;64;null
677;sed accumsan;578;84.87;62;11;650;6019;6;61;null
678;erat fermentum justo nec condimentum;579;37.57;64;11;611;6028;6;62;null
679;nisl nunc rhoncus dui vel;580;27.37;67;12;673;6034;6;60;null
680;orci luctus et ultrices posuere cubilia;581;91.07;69;12;623;6006;6;60;null
681;convallis nunc proin at turpis;582;14.78;64;11;672;6044;6;64;null
682;vivamus metus arcu;583;50.84;67;12;645;6004;6;63;null
683;in eleifend;584;54.38;60;11;659;6024;6;62;null
684;integer a nibh in quis;585;84.61;69;12;639;6034;6;61;null
685;neque vestibulum eget vulputate;586;53.47;61;11;656;6049;6;61;null
686;eu tincidunt in leo maecenas;587;83.06;67;12;690;6045;6;63;null
687;id consequat in;588;96.31;61;11;641;6015;6;63;null
688;justo aliquam quis turpis eget elit;589;76.03;62;11;655;6035;6;62;null
689;platea dictumst;590;46.73;60;11;697;6021;6;63;null
690;magna at nunc;591;43.38;62;11;642;6015;6;60;null
691;diam cras pellentesque volutpat dui;592;59.63;65;12;628;6016;6;64;null
692;nulla mollis molestie lorem quisque;593;82.56;63;11;672;6035;6;62;null
693;pellentesque viverra pede;594;50.73;69;12;630;6037;6;64;null
694;sit amet erat nulla tempus;595;50.73;63;11;671;6042;6;64;null
695;eu interdum;596;83.62;67;12;681;6027;6;63;null
696;morbi ut odio;597;33.29;69;12;688;6010;6;60;null
697;ipsum integer;598;77.65;60;11;671;6012;6;60;null
698;rhoncus aliquam lacus;599;47.45;63;11;651;6023;6;62;null
699;morbi porttitor lorem id;600;66.9;61;11;699;6027;6;61;null
700;morbi non lectus aliquam sit amet;601;37.26;72;13;760;7029;7;71;null
701;suscipit a;602;66.55;77;14;742;7015;7;74;null
702;eget congue;603;64.82;75;14;765;7010;7;74;null
703;justo sollicitudin;604;44.96;79;14;756;7009;7;73;null
704;posuere metus vitae;605;90.18;77;14;798;7014;7;70;null
705;erat eros viverra eget congue eget;606;17.74;72;13;773;7013;7;73;null
706;tellus nulla ut erat id;607;92.53;73;13;793;7003;7;73;null
707;sapien arcu sed augue aliquam;608;33.5;73;13;729;7033;7;72;null
708;a odio in hac;609;29.34;79;14;797;7033;7;72;null
709;ac nulla sed vel;610;64.79;74;13;717;7045;7;70;null
710;potenti cras in purus eu;611;79.25;75;14;763;7034;7;74;null
711;mi integer ac;612;26.81;77;14;737;7041;7;72;null
712;volutpat convallis morbi;613;29.22;71;13;721;7024;7;74;null
713;justo in hac;614;84.3;73;13;728;7014;7;70;null
714;mus vivamus vestibulum sagittis sapien;615;79.08;75;14;736;7034;7;74;null
715;vestibulum quam;616;54.09;77;14;771;7012;7;71;null
716;nulla suspendisse potenti cras in;617;62.08;77;14;794;7049;7;73;null
717;luctus rutrum;618;42.19;75;14;767;7033;7;70;null
718;rutrum nulla tellus;619;72.78;71;13;735;7030;7;72;null
719;et ultrices posuere;620;84.46;75;14;783;7050;7;74;null
720;ut rhoncus aliquet pulvinar sed;621;65.6;70;13;753;7025;7;71;null
721;massa donec;622;78.5;73;13;756;7029;7;70;null
722;praesent blandit lacinia erat;623;73.29;75;14;754;7002;7;74;null
723;viverra eget congue;624;72.98;71;13;787;7019;7;74;null
724;cursus id turpis integer;625;27.17;71;13;770;7032;7;72;null
725;primis in faucibus orci luctus et;626;44.08;75;14;798;7017;7;72;null
726;risus semper porta;627;77.84;72;13;705;7027;7;70;null
727;id pretium;628;41.25;75;14;758;7042;7;73;null
728;diam in magna;629;62.93;72;13;773;7007;7;71;null
729;in felis eu sapien;630;83.7;73;13;710;7028;7;71;null
730;quis odio consequat varius integer;631;35.03;73;13;778;7047;7;72;null
731;iaculis congue vivamus;632;40.42;79;14;747;7045;7;71;null
732;nullam molestie nibh in;633;38.99;76;14;781;7047;7;71;null
733;semper rutrum nulla nunc purus phasellus;634;17.98;72;13;761;7019;7;71;null
734;molestie sed justo pellentesque;635;84.6;75;14;741;7025;7;71;null
735;dolor vel est donec;636;88.67;70;13;757;7010;7;74;null
736;felis donec;637;39.96;77;14;759;7017;7;71;null
737;sapien urna pretium nisl ut;638;71.46;73;13;794;7036;7;72;null
738;ante ipsum primis in faucibus orci;639;99.45;77;14;787;7005;7;71;null
739;semper rutrum;640;58.03;72;13;735;7015;7;71;null
740;at turpis donec;641;91.88;70;13;765;7045;7;73;null
741;sed interdum venenatis;642;63.83;72;13;789;7023;7;70;null
742;mauris enim;643;98.69;74;13;712;7050;7;72;null
743;rhoncus dui vel sem;644;30.23;76;14;776;7017;7;72;null
744;nulla ultrices aliquet;645;74.51;71;13;720;7040;7;73;null
745;faucibus orci luctus et ultrices;646;32.74;76;14;783;7026;7;72;null
746;pellentesque ultrices phasellus id sapien in;647;70.46;71;13;792;7013;7;74;null
747;quam sapien varius ut blandit;648;50.73;74;13;746;7027;7;73;null
748;lacinia sapien quis libero nullam;649;34.62;70;13;741;7028;7;70;null
749;nunc nisl duis;650;60.75;79;14;766;7015;7;73;null
750;at velit;651;18.56;70;13;764;7032;7;71;null
751;morbi porttitor;652;99.91;70;13;780;7009;7;72;null
752;in sapien iaculis congue;653;91.25;79;14;716;7029;7;72;null
753;duis faucibus accumsan odio curabitur convallis;654;38.85;70;13;707;7035;7;73;null
754;magnis dis;655;77.78;77;14;764;7039;7;74;null
755;pellentesque viverra pede ac diam cras;656;19.73;72;13;794;7027;7;71;null
756;lacinia erat vestibulum sed;657;64.59;75;14;707;7032;7;73;null
757;ac est lacinia;658;96.9;71;13;786;7003;7;71;null
758;mauris eget massa tempor;659;68.2;71;13;757;7031;7;71;null
759;potenti nullam porttitor lacus at;660;78.42;79;14;726;7043;7;73;null
760;a ipsum integer;661;65.87;78;14;709;7023;7;73;null
761;est lacinia nisi venenatis tristique;662;38.59;70;13;743;7021;7;73;null
762;porttitor pede justo eu massa;663;56.69;77;14;756;7033;7;72;null
763;dolor sit amet consectetuer adipiscing elit;664;72.89;76;14;701;7021;7;72;null
764;non mattis pulvinar nulla pede;665;21.78;77;14;703;7004;7;74;null
765;pede posuere nonummy integer non velit;666;21.82;74;13;747;7047;7;71;null
766;diam cras;667;10.54;72;13;735;7032;7;74;null
767;vel sem sed;668;78.12;73;13;775;7008;7;70;null
768;et ultrices posuere cubilia curae donec;669;41.75;77;14;787;7014;7;72;null
769;ante vel;670;83.37;79;14;776;7039;7;72;null
770;proin leo;671;70.27;79;14;764;7007;7;73;null
771;tellus nulla ut erat id;672;19.23;77;14;706;7033;7;72;null
772;dolor vel;673;16.98;70;13;766;7042;7;71;null
773;justo pellentesque;674;80.39;75;14;733;7014;7;74;null
774;odio justo sollicitudin ut suscipit a;675;65.22;74;13;743;7045;7;72;null
775;pede ullamcorper augue a suscipit nulla;676;29.94;71;13;760;7006;7;71;null
776;ultrices posuere;677;61.72;71;13;727;7041;7;70;null
777;donec vitae;678;50.73;72;13;763;7020;7;73;null
778;curabitur gravida nisi;679;74.12;77;14;782;7025;7;73;null
779;convallis eget eleifend;680;16.92;79;14;749;7042;7;73;null
780;lacinia erat;681;99.6;74;13;753;7026;7;71;null
781;enim lorem;682;43.55;71;13;728;7001;7;70;null
782;at nulla;683;50.73;76;14;779;7025;7;70;null
783;turpis adipiscing lorem vitae mattis nibh;684;71.81;78;14;753;7019;7;71;null
784;adipiscing lorem;685;25.77;79;14;732;7040;7;73;null
785;congue etiam justo etiam pretium iaculis;686;15.75;74;13;762;7009;7;71;null
786;integer a nibh in quis justo;687;50.73;71;13;798;7035;7;73;null
787;suspendisse potenti nullam;688;93.28;72;13;783;7012;7;72;null
788;purus aliquet at feugiat non pretium;689;84.57;73;13;764;7023;7;71;null
789;condimentum neque sapien placerat;690;45.54;73;13;719;7030;7;71;null
790;nulla nunc purus phasellus in felis;691;50.73;79;14;707;7034;7;72;null
791;convallis nunc proin at turpis a;692;50.38;73;13;778;7044;7;72;null
792;sit amet sem fusce consequat;693;50.73;74;13;797;7028;7;70;null
793;vehicula consequat morbi a ipsum integer;694;43.03;79;14;773;7002;7;70;null
794;vulputate luctus cum;695;93.62;73;13;788;7002;7;73;null
795;faucibus cursus urna;696;85.37;78;14;751;7012;7;72;null
796;sapien in;697;94.26;76;14;714;7020;7;74;null
797;nisi at nibh in hac;698;98.82;74;13;742;7007;7;74;null
798;semper porta volutpat quam;699;41.21;79;14;783;7036;7;71;null
799;placerat ante nulla;700;47.35;71;13;721;7016;7;74;null
800;volutpat quam;701;66.15;82;15;864;8032;8;80;null
801;et magnis dis parturient montes nascetur;702;53.19;85;16;841;8007;8;84;null
802;viverra dapibus;703;57.84;89;16;849;8034;8;83;null
803;vitae nisl aenean lectus pellentesque eget;704;73.07;88;16;895;8021;8;81;null
804;vestibulum eget vulputate ut;705;20.64;87;16;820;8040;8;82;null
805;quam pharetra magna ac consequat metus;706;94.44;84;15;897;8012;8;83;null
806;sed vestibulum sit;707;41.98;89;16;856;8030;8;83;null
807;et ultrices posuere cubilia;708;85.53;88;16;894;8042;8;84;null
808;vel enim sit amet nunc;709;67.92;85;16;894;8007;8;83;null
809;id nisl venenatis;710;75.5;85;16;864;8042;8;81;null
810;dui luctus rutrum;711;34.0;83;15;821;8015;8;84;null
811;penatibus et;712;26.94;80;15;834;8023;8;82;null
812;tellus nisi eu orci mauris;713;44.5;89;16;839;8037;8;82;null
813;lectus suspendisse potenti in eleifend quam;714;91.95;82;15;822;8041;8;84;null
814;cum sociis natoque penatibus;715;24.69;81;15;883;8015;8;80;null
815;integer pede justo lacinia eget;716;62.8;81;15;897;8023;8;80;null
816;sapien placerat ante nulla justo aliquam;717;31.59;84;15;832;8049;8;81;null
817;id consequat in consequat ut;718;41.19;86;16;871;8011;8;80;null
818;donec vitae nisi nam ultrices libero;719;50.73;83;15;855;8023;8;81;null
819;justo sollicitudin;720;61.73;88;16;868;8044;8;80;null
820;aliquam quis turpis;721;15.48;87;16;808;8009;8;80;null
821;sapien varius ut blandit;722;37.35;82;15;831;8037;8;80;null
822;pede posuere nonummy integer non velit;723;69.74;87;16;811;8045;8;80;null
823;eros elementum pellentesque quisque;724;66.61;88;16;821;8046;8;82;null
824;blandit non interdum in;725;33.06;80;15;891;8040;8;80;null
825;vel augue;726;30.85;81;15;809;8014;8;82;null
826;habitasse platea dictumst maecenas;727;47.57;85;16;880;8011;8;81;null
827;consequat metus sapien ut;728;70.49;86;16;858;8017;8;82;null
828;vestibulum quam sapien;729;53.52;85;16;844;8015;8;84;null
829;dapibus duis at velit;730;34.18;81;15;807;8028;8;81;null
830;velit id pretium iaculis diam;731;39.4;83;15;880;8012;8;82;null
831;massa id;732;91.38;88;16;864;8004;8;81;null
832;tellus semper;733;48.05;87;16;826;8004;8;82;null
833;tortor sollicitudin mi;734;62.46;80;15;882;8041;8;82;null
834;donec pharetra magna vestibulum;735;92.74;84;15;898;8019;8;81;null
835;ac est lacinia;736;73.39;83;15;821;8002;8;83;null
836;cras non velit;737;66.94;87;16;846;8038;8;84;null
837;venenatis lacinia aenean sit;738;77.93;82;15;867;8041;8;80;null
838;in sapien;739;59.9;88;16;891;8024;8;80;null
839;ligula pellentesque ultrices;740;51.42;86;16;881;8040;8;82;null
840;pretium iaculis;741;57.04;85;16;829;8030;8;83;null
841;erat fermentum justo;742;50.73;80;15;820;8044;8;81;null
842;id turpis integer aliquet;743;65.12;88;16;886;8050;8;80;null
843;curae duis faucibus accumsan odio;744;98.37;81;15;811;8026;8;82;null
844;purus phasellus;745;35.01;83;15;853;8008;8;83;null
845;posuere cubilia curae duis faucibus;746;17.71;83;15;875;8026;8;84;null
846;mauris morbi non lectus;747;40.91;86;16;888;8010;8;83;null
847;rhoncus aliquam;748;64.6;84;15;845;8021;8;81;null
848;diam nam tristique tortor;749;37.36;89;16;811;8011;8;81;null
849;ultrices posuere cubilia;750;94.77;86;16;889;8045;8;82;null
850;lacus curabitur at ipsum ac tellus;751;29.38;85;16;829;8030;8;84;null
851;rutrum neque aenean;752;48.5;83;15;814;8026;8;80;null
852;imperdiet sapien urna pretium nisl ut;753;50.73;86;16;808;8034;8;80;null
853;sed sagittis nam congue risus semper;754;91.45;83;15;829;8019;8;82;null
854;pede ac;755;57.98;83;15;816;8014;8;80;null
855;consequat ut nulla sed accumsan felis;756;58.87;82;15;845;8030;8;82;null
856;suspendisse accumsan tortor quis;757;84.38;84;15;809;8002;8;80;null
857;quam pede;758;34.74;83;15;826;8029;8;81;null
858;odio odio elementum eu;759;64.97;81;15;858;8032;8;83;null
859;ac lobortis vel dapibus at diam;760;14.34;87;16;824;8023;8;84;null
860;imperdiet et commodo;761;67.21;85;16;876;8023;8;80;null
861;aliquam lacus morbi quis tortor;762;26.44;83;15;899;8001;8;82;null
862;proin interdum mauris;763;50.73;84;15;891;8021;8;83;null
863;molestie hendrerit;764;98.63;81;15;896;8049;8;81;null
864;ac lobortis vel dapibus;765;35.9;88;16;880;8037;8;82;null
865;lectus suspendisse potenti in eleifend quam;766;88.56;84;15;831;8006;8;84;null
866;sit amet eleifend;767;37.59;81;15;817;8024;8;80;null
867;sapien sapien non mi;768;36.86;86;16;835;8038;8;82;null
868;fringilla rhoncus mauris enim leo rhoncus;769;12.29;83;15;866;8026;8;82;null
869;velit nec;770;35.9;87;16;838;8048;8;83;null
870;nisl nunc;771;80.87;81;15;835;8031;8;80;null
871;vestibulum sed magna at;772;69.09;83;15;889;8047;8;82;null
872;pharetra magna vestibulum aliquet ultrices erat;773;77.54;85;16;814;8031;8;80;null
873;eros suspendisse accumsan;774;65.86;87;16;870;8025;8;83;null
874;in quis justo maecenas;775;61.79;82;15;831;8044;8;83;null
875;viverra diam;776;24.38;83;15;815;8041;8;84;null
876;convallis eget;777;52.15;84;15;811;8018;8;80;null
877;fermentum justo;778;85.7;89;16;836;8034;8;82;null
878;sit amet eros;779;29.36;81;15;839;8045;8;81;null
879;mattis nibh ligula nec;780;30.85;88;16;838;8014;8;84;null
880;ac est lacinia nisi venenatis;781;14.76;88;16;839;8019;8;81;null
881;nascetur ridiculus;782;42.68;83;15;838;8050;8;82;null
882;purus sit amet;783;34.5;84;15;817;8047;8;84;null
883;dui vel sem sed;784;61.43;86;16;899;8049;8;82;null
884;et ultrices posuere cubilia curae;785;50.45;83;15;849;8045;8;80;null
885;morbi vestibulum velit id;786;43.95;89;16;859;8015;8;80;null
886;eget tempus vel pede;787;46.96;81;15;880;8010;8;81;null
887;ut dolor morbi;788;79.48;82;15;886;8006;8;81;null
888;quis odio consequat;789;74.57;81;15;850;8044;8;83;null
889;libero convallis eget;790;52.62;85;16;839;8037;8;84;null
890;turpis sed ante vivamus tortor;791;50.73;83;15;884;8015;8;82;null
891;ac leo pellentesque ultrices;792;86.68;83;15;856;8048;8;81;null
892;dictumst etiam faucibus cursus;793;80.5;89;16;865;8018;8;82;null
893;justo etiam pretium iaculis;794;76.93;81;15;828;8026;8;83;null
894;eros elementum pellentesque quisque porta;795;86.46;85;16;866;8037;8;83;null
895;elementum in hac habitasse platea dictumst;796;44.38;84;15;898;8028;8;81;null
896;hac habitasse platea dictumst maecenas;797;20.72;89;16;815;8038;8;84;null
897;a libero nam;798;93.47;87;16;819;8026;8;83;null
898;ipsum aliquam non;799;59.06;89;16;874;8011;8;82;null
899;donec vitae;800;50.73;82;15;883;8019;8;81;null
900;erat volutpat in congue;801;96.38;97;18;932;9017;9;93;null
901;rhoncus mauris enim;802;50.73;94;17;975;9005;9;94;null
902;natoque penatibus et magnis dis parturient;803;62.55;95;18;944;9003;9;92;null
903;pretium quis lectus suspendisse potenti in;804;82.51;91;17;913;9033;9;91;null
904;curae nulla dapibus dolor;805;40.19;93;17;919;9031;9;94;null
905;nunc donec quis orci;806;99.19;98;18;918;9030;9;90;null
906;in tempus sit amet sem;807;43.51;94;17;904;9031;9;90;null
907;sociis natoque penatibus et;808;79.48;93;17;967;9039;9;94;null
908;ante nulla justo aliquam;809;27.83;94;17;909;9041;9;90;null
909;velit donec diam neque vestibulum eget;810;50.46;95;18;944;9024;9;91;null
910;aliquam sit amet diam in magna;811;67.36;99;18;926;9046;9;92;null
911;cursus urna ut tellus nulla ut;812;53.91;95;18;988;9003;9;94;null
912;feugiat et eros vestibulum;813;95.94;91;17;983;9020;9;91;null
913;felis sed lacus morbi sem;814;55.24;97;18;977;9044;9;93;null
914;in hac habitasse;815;97.34;99;18;939;9047;9;93;null
915;nibh quisque id;816;26.39;98;18;979;9030;9;93;null
916;dignissim vestibulum vestibulum ante ipsum primis;817;12.45;94;17;949;9021;9;92;null
917;dapibus at diam nam tristique;818;56.88;95;18;976;9009;9;90;null
918;odio in hac habitasse;819;27.79;91;17;984;9041;9;91;null
919;curabitur gravida nisi;820;76.85;95;18;993;9003;9;94;null
920;sit amet;821;11.21;92;17;911;9012;9;91;null
921;dis parturient montes nascetur ridiculus mus;822;37.59;98;18;962;9048;9;93;null
922;in hac habitasse platea dictumst;823;22.39;90;17;969;9016;9;92;null
923;potenti cras in purus;824;19.83;94;17;933;9039;9;92;null
924;orci eget orci vehicula;825;61.33;95;18;951;9032;9;92;null
925;commodo placerat;826;75.21;95;18;929;9007;9;93;null
926;aenean sit amet justo morbi;827;39.02;95;18;962;9009;9;94;null
927;volutpat sapien arcu sed;828;79.22;96;18;904;9015;9;94;null
928;mi in porttitor pede;829;56.57;90;17;924;9028;9;93;null
929;risus semper porta volutpat quam;830;25.82;96;18;946;9027;9;93;null
930;ac nulla;831;12.19;91;17;920;9012;9;91;null
931;tristique in;832;37.32;91;17;975;9016;9;94;null
932;luctus nec;833;64.27;92;17;932;9009;9;91;null
933;sapien iaculis congue;834;44.35;95;18;985;9043;9;91;null
934;aenean auctor gravida sem;835;38.69;94;17;952;9017;9;94;null
935;nam nulla integer pede;836;61.35;99;18;948;9039;9;93;null
936;rutrum neque aenean auctor gravida;837;63.89;91;17;921;9027;9;92;null
937;nullam porttitor lacus at;838;26.42;92;17;903;9044;9;94;null
938;maecenas tristique est et;839;54.39;99;18;961;9028;9;94;null
939;vestibulum sit amet cursus;840;21.32;90;17;944;9017;9;92;null
940;purus eu;841;40.92;98;18;938;9018;9;93;null
941;imperdiet sapien;842;60.99;97;18;993;9032;9;91;null
942;egestas metus aenean;843;30.45;96;18;997;9007;9;90;null
943;amet eros suspendisse accumsan tortor quis;844;85.09;98;18;945;9034;9;91;null
944;justo in;845;30.57;93;17;913;9039;9;92;null
945;aenean lectus pellentesque eget;846;34.88;95;18;963;9024;9;90;null
946;dapibus at diam nam;847;32.32;93;17;953;9012;9;92;null
947;eget rutrum at;848;41.47;97;18;958;9013;9;91;null
948;duis ac nibh fusce lacus purus;849;67.71;94;17;973;9036;9;91;null
949;sit amet;850;90.25;97;18;902;9023;9;92;null
950;accumsan tortor quis turpis sed;851;48.99;93;17;948;9019;9;93;null
951;amet erat;852;51.19;97;18;994;9022;9;93;null
952;amet cursus id turpis integer;853;19.33;98;18;999;9031;9;90;null
953;lacinia eget tincidunt eget tempus vel;854;27.55;91;17;976;9032;9;93;null
954;ac nulla sed vel enim;855;58.62;99;18;994;9010;9;93;null
955;placerat praesent blandit;856;30.66;93;17;968;9016;9;93;null
956;at feugiat non pretium quis;857;97.78;90;17;978;9022;9;94;null
957;turpis a pede posuere nonummy integer;858;55.84;97;18;920;9048;9;94;null
958;ipsum integer;859;72.26;98;18;951;9039;9;91;null
959;amet sem fusce consequat nulla nisl;860;43.84;97;18;968;9024;9;90;null
960;cras in purus eu magna;861;49.63;90;17;915;9016;9;94;null
961;ante vel ipsum praesent blandit;862;71.4;92;17;946;9035;9;90;null
962;mollis molestie lorem quisque;863;52.78;90;17;900;9045;9;94;null
963;quam sollicitudin;864;13.21;98;18;947;9018;9;91;null
964;in felis donec semper;865;71.4;96;18;912;9008;9;91;null
965;blandit ultrices enim lorem;866;79.62;98;18;976;9009;9;90;null
966;lobortis ligula sit amet eleifend pede;867;50.73;98;18;995;9040;9;93;null
967;sapien cursus vestibulum proin eu mi;868;25.98;96;18;947;9020;9;91;null
968;cras mi pede;869;84.0;96;18;915;9004;9;93;null
969;cursus urna ut tellus;870;81.34;96;18;967;9038;9;94;null
970;felis sed interdum venenatis turpis enim;871;51.11;91;17;982;9011;9;94;null
971;phasellus in felis donec semper;872;59.81;94;17;940;9042;9;94;null
972;consequat nulla nisl nunc nisl;873;80.61;96;18;996;9032;9;94;null
973;elementum eu interdum eu;874;78.82;96;18;998;9016;9;94;null
974;nec nisi volutpat eleifend;875;30.26;95;18;979;9004;9;93;null
975;orci luctus et;876;94.64;99;18;958;9040;9;94;null
976;justo eu massa donec dapibus;877;91.1;96;18;928;9050;9;93;null
977;porttitor lacus;878;47.99;93;17;921;9005;9;90;null
978;mauris sit amet eros suspendisse accumsan;879;33.36;99;18;970;9044;9;90;null
979;lobortis convallis tortor;880;86.55;95;18;948;9009;9;94;null
980;diam cras pellentesque;881;54.27;92;17;951;9034;9;94;null
981;lacus at velit vivamus;882;86.75;93;17;998;9011;9;94;null
982;a pede posuere nonummy integer;883;50.73;94;17;948;9035;9;92;null
983;eros suspendisse accumsan tortor;884;69.57;91;17;961;9023;9;94;null
984;tempus semper;885;68.74;95;18;953;9027;9;92;null
985;cum sociis;886;41.08;91;17;994;9021;9;94;null
986;sem mauris laoreet ut rhoncus aliquet;887;95.78;97;18;919;9015;9;93;null
987;varius ut blandit non;888;42.57;95;18;980;9018;9;93;null
988;ultrices posuere cubilia;889;38.58;96;18;904;9046;9;94;null
989;congue elementum in hac habitasse platea;890;48.97;90;17;978;9048;9;90;null
990;ut suscipit;891;87.22;92;17;942;9048;9;90;null
991;ante ipsum primis in faucibus;892;21.19;95;18;930;9006;9;94;null
992;blandit lacinia;893;10.77;94;17;928;9016;9;92;null
993;venenatis turpis;894;71.46;90;17;950;9020;9;93;null
994;et eros vestibulum ac;895;95.12;91;17;968;9042;9;90;null
995;tristique in tempus sit amet;896;81.5;96;18;932;9033;9;92;null
996;nec molestie sed justo;897;97.34;95;18;990;9050;9;91;null
997;justo aliquam quis turpis eget;898;22.37;93;17;927;9004;9;92;null
998;gravida sem praesent;899;50.73;96;18;919;9003;9;91;null
999;at nunc;900;21.64;93;17;990;9042;9;91;null
