id;login;password_hash;first_name;last_name;activated;lang_key;image_url;activation_key;reset_key;app_account_id;created_by;last_modified_by;team_id;is_team_lead
10;bfurmonger0@xinhuanet.com;$2a$10$qUBdDC7PrMMrzPxPLvFgT.u0ntzHvOpl4TJIOm8LutHimZ6lHbwDy;Bartie;Furmonger;TRUE;en;;;;1;system;system;12;true
11;hpendered1@sakura.ne.jp;$2a$10$qUBdDC7PrMMrzPxPLvFgT.u0ntzHvOpl4TJIOm8LutHimZ6lHbwDy;Hyacinthe;Pendered;TRUE;en;;;;1;system;system;31;true
12;jhesey2@quantcast.com;$2a$10$qUBdDC7PrMMrzPxPLvFgT.u0ntzHvOpl4TJIOm8LutHimZ6lHbwDy;Janot;Hesey;TRUE;en;;;;1;system;system;44;true
13;sdrewes3@cdc.gov;$2a$10$qUBdDC7PrMMrzPxPLvFgT.u0ntzHvOpl4TJIOm8LutHimZ6lHbwDy;Sioux;Drewes;TRUE;en;;;;1;system;system;11;true
14;czavattari4@spotify.com;$2a$10$qUBdDC7PrMMrzPxPLvFgT.u0ntzHvOpl4TJIOm8LutHimZ6lHbwDy;Carry;Zavattari;TRUE;en;;;;1;system;system;24;true
20;mhellens5@washington.edu;$2a$10$qUBdDC7PrMMrzPxPLvFgT.u0ntzHvOpl4TJIOm8LutHimZ6lHbwDy;Margeaux;Hellens;TRUE;en;;;;2;system;system;10;true
21;tcarmen6@joomla.org;$2a$10$qUBdDC7PrMMrzPxPLvFgT.u0ntzHvOpl4TJIOm8LutHimZ6lHbwDy;Terri-jo;Carmen;TRUE;en;;;;2;system;system;37;true
22;cfurman7@businesswire.com;$2a$10$qUBdDC7PrMMrzPxPLvFgT.u0ntzHvOpl4TJIOm8LutHimZ6lHbwDy;Clair;Furman;TRUE;en;;;;2;system;system;34;true
23;moulett8@independent.co.uk;$2a$10$qUBdDC7PrMMrzPxPLvFgT.u0ntzHvOpl4TJIOm8LutHimZ6lHbwDy;Myriam;Oulett;TRUE;en;;;;2;system;system;35;true
24;aphillott9@altervista.org;$2a$10$qUBdDC7PrMMrzPxPLvFgT.u0ntzHvOpl4TJIOm8LutHimZ6lHbwDy;Allyn;Phillott;TRUE;en;;;;2;system;system;29;true
30;iaskina@illinois.edu;$2a$10$qUBdDC7PrMMrzPxPLvFgT.u0ntzHvOpl4TJIOm8LutHimZ6lHbwDy;Irene;Askin;TRUE;en;;;;3;system;system;29;true
31;bkenwoodb@reverbnation.com;$2a$10$qUBdDC7PrMMrzPxPLvFgT.u0ntzHvOpl4TJIOm8LutHimZ6lHbwDy;Bertrand;Kenwood;TRUE;en;;;;3;system;system;42;true
32;cszymczykc@opera.com;$2a$10$qUBdDC7PrMMrzPxPLvFgT.u0ntzHvOpl4TJIOm8LutHimZ6lHbwDy;Carlie;Szymczyk;TRUE;en;;;;3;system;system;3;true
33;fheyballd@illinois.edu;$2a$10$qUBdDC7PrMMrzPxPLvFgT.u0ntzHvOpl4TJIOm8LutHimZ6lHbwDy;Fredelia;Heyball;TRUE;en;;;;3;system;system;36;true
34;ggossagee@google.ru;$2a$10$qUBdDC7PrMMrzPxPLvFgT.u0ntzHvOpl4TJIOm8LutHimZ6lHbwDy;Ganny;Gossage;TRUE;en;;;;3;system;system;1;true
40;lcussonsf@ucla.edu;$2a$10$qUBdDC7PrMMrzPxPLvFgT.u0ntzHvOpl4TJIOm8LutHimZ6lHbwDy;Laura;Cussons;TRUE;en;;;;4;system;system;7;true
41;cwhitelyg@usa.gov;$2a$10$qUBdDC7PrMMrzPxPLvFgT.u0ntzHvOpl4TJIOm8LutHimZ6lHbwDy;Clary;Whitely;TRUE;en;;;;4;system;system;25;true
42;mboultwoodh@delicious.com;$2a$10$qUBdDC7PrMMrzPxPLvFgT.u0ntzHvOpl4TJIOm8LutHimZ6lHbwDy;Merrili;Boultwood;TRUE;en;;;;4;system;system;44;true
43;ckidi@clickbank.net;$2a$10$qUBdDC7PrMMrzPxPLvFgT.u0ntzHvOpl4TJIOm8LutHimZ6lHbwDy;Crista;Kid;TRUE;en;;;;4;system;system;43;true
44;jyieldingj@imgur.com;$2a$10$qUBdDC7PrMMrzPxPLvFgT.u0ntzHvOpl4TJIOm8LutHimZ6lHbwDy;Jillana;Yielding;TRUE;en;;;;4;system;system;35;true
50;jsethk@yale.edu;$2a$10$qUBdDC7PrMMrzPxPLvFgT.u0ntzHvOpl4TJIOm8LutHimZ6lHbwDy;Jeni;Seth;TRUE;en;;;;5;system;system;14;true
51;gmehaffeyl@comcast.net;$2a$10$qUBdDC7PrMMrzPxPLvFgT.u0ntzHvOpl4TJIOm8LutHimZ6lHbwDy;Grazia;Mehaffey;TRUE;en;;;;5;system;system;2;true
52;ggreddenm@cmu.edu;$2a$10$qUBdDC7PrMMrzPxPLvFgT.u0ntzHvOpl4TJIOm8LutHimZ6lHbwDy;Gavan;Gredden;TRUE;en;;;;5;system;system;12;false
53;scaseleyn@istockphoto.com;$2a$10$qUBdDC7PrMMrzPxPLvFgT.u0ntzHvOpl4TJIOm8LutHimZ6lHbwDy;Scarface;Caseley;TRUE;en;;;;5;system;system;39;true
54;mdrainso@forbes.com;$2a$10$qUBdDC7PrMMrzPxPLvFgT.u0ntzHvOpl4TJIOm8LutHimZ6lHbwDy;Madeleine;Drains;TRUE;en;;;;5;system;system;28;true
60;paylwinp@yahoo.com;$2a$10$qUBdDC7PrMMrzPxPLvFgT.u0ntzHvOpl4TJIOm8LutHimZ6lHbwDy;Page;Aylwin;TRUE;en;;;;6;system;system;4;true
61;mundrellq@baidu.com;$2a$10$qUBdDC7PrMMrzPxPLvFgT.u0ntzHvOpl4TJIOm8LutHimZ6lHbwDy;Melodie;Undrell;TRUE;en;;;;6;system;system;24;true
62;jmcgairlr@taobao.com;$2a$10$qUBdDC7PrMMrzPxPLvFgT.u0ntzHvOpl4TJIOm8LutHimZ6lHbwDy;Jodie;McGairl;TRUE;en;;;;6;system;system;6;true
63;jflatleys@webmd.com;$2a$10$qUBdDC7PrMMrzPxPLvFgT.u0ntzHvOpl4TJIOm8LutHimZ6lHbwDy;Jorge;Flatley;TRUE;en;;;;6;system;system;36;true
64;loreillyt@whitehouse.gov;$2a$10$qUBdDC7PrMMrzPxPLvFgT.u0ntzHvOpl4TJIOm8LutHimZ6lHbwDy;Luci;O'Reilly;TRUE;en;;;;6;system;system;27;true
70;fdimmneu@jigsy.com;$2a$10$qUBdDC7PrMMrzPxPLvFgT.u0ntzHvOpl4TJIOm8LutHimZ6lHbwDy;Federico;Dimmne;TRUE;en;;;;7;system;system;44;true
71;rpioliv@bing.com;$2a$10$qUBdDC7PrMMrzPxPLvFgT.u0ntzHvOpl4TJIOm8LutHimZ6lHbwDy;Rena;Pioli;TRUE;en;;;;7;system;system;23;true
72;bburdsw@techcrunch.com;$2a$10$qUBdDC7PrMMrzPxPLvFgT.u0ntzHvOpl4TJIOm8LutHimZ6lHbwDy;Broddie;Burds;TRUE;en;;;;7;system;system;5;true
73;hwebbbowenx@sourceforge.net;$2a$10$qUBdDC7PrMMrzPxPLvFgT.u0ntzHvOpl4TJIOm8LutHimZ6lHbwDy;Hamid;Webb-Bowen;TRUE;en;;;;7;system;system;12;false
74;jvaeny@pcworld.com;$2a$10$qUBdDC7PrMMrzPxPLvFgT.u0ntzHvOpl4TJIOm8LutHimZ6lHbwDy;Janet;Vaen;TRUE;en;;;;7;system;system;12;false
80;kelcombez@posterous.com;$2a$10$qUBdDC7PrMMrzPxPLvFgT.u0ntzHvOpl4TJIOm8LutHimZ6lHbwDy;Kristal;Elcombe;TRUE;en;;;;8;system;system;13;true
81;cmaloney10@pcworld.com;$2a$10$qUBdDC7PrMMrzPxPLvFgT.u0ntzHvOpl4TJIOm8LutHimZ6lHbwDy;Corabelle;Maloney;TRUE;en;;;;8;system;system;17;true
82;vlovelace11@hud.gov;$2a$10$qUBdDC7PrMMrzPxPLvFgT.u0ntzHvOpl4TJIOm8LutHimZ6lHbwDy;Virgie;Lovelace;TRUE;en;;;;8;system;system;31;true
83;hsugg12@so-net.ne.jp;$2a$10$qUBdDC7PrMMrzPxPLvFgT.u0ntzHvOpl4TJIOm8LutHimZ6lHbwDy;Hamilton;Sugg;TRUE;en;;;;8;system;system;23;true
84;aleeder13@scientificamerican.com;$2a$10$qUBdDC7PrMMrzPxPLvFgT.u0ntzHvOpl4TJIOm8LutHimZ6lHbwDy;Ardis;Leeder;TRUE;en;;;;8;system;system;20;true
90;ctroillet14@seesaa.net;$2a$10$qUBdDC7PrMMrzPxPLvFgT.u0ntzHvOpl4TJIOm8LutHimZ6lHbwDy;Cornie;Troillet;TRUE;en;;;;9;system;system;15;true
91;rhagwood15@msu.edu;$2a$10$qUBdDC7PrMMrzPxPLvFgT.u0ntzHvOpl4TJIOm8LutHimZ6lHbwDy;Roarke;Hagwood;TRUE;en;;;;9;system;system;21;true
92;hcoolahan16@stumbleupon.com;$2a$10$qUBdDC7PrMMrzPxPLvFgT.u0ntzHvOpl4TJIOm8LutHimZ6lHbwDy;Hale;Coolahan;TRUE;en;;;;9;system;system;5;true
93;bdelisle17@istockphoto.com;$2a$10$qUBdDC7PrMMrzPxPLvFgT.u0ntzHvOpl4TJIOm8LutHimZ6lHbwDy;Briano;De Lisle;TRUE;en;;;;9;system;system;28;true
94;rheggadon18@answers.com;$2a$10$qUBdDC7PrMMrzPxPLvFgT.u0ntzHvOpl4TJIOm8LutHimZ6lHbwDy;Roxi;Heggadon;TRUE;en;;;;9;system;system;11;true
